temperature,voltage,current,voltage_temp_diff,failure
31.236203565420876,255.5398786515859,8.92558525603859,224.303675086165,0
48.52142919229749,362.5702842135074,8.704681986079997,314.04885502121,1
41.95981825434215,461.8837507629225,18.59381870781555,419.9239325085803,0
37.95975452591109,419.6674659228684,8.743192997742591,381.7077113969573,0
24.680559213273096,441.9683443584349,9.079245891929464,417.2877851451618,0
24.67983561008608,397.6350100132152,16.390973936269454,372.9551744031292,0
21.742508365045985,407.6829693553557,11.7460976367581,385.94046099030976,0
45.98528437324806,454.75869546959575,16.650658354327717,408.7734110963477,1
38.03345035229626,274.90040265775576,5.980492363465778,236.8669523054595,0
41.242177333881365,346.82748909294213,12.313567905100763,305.58531175906074,0
20.617534828874074,266.3628325458807,5.50420400274924,245.7452977170066,0
49.09729556485984,496.3004023989941,5.9397980518303175,447.2031068341343,1
44.97327922401266,483.217801905984,18.596561800166164,438.2445226819714,0
26.37017332034829,211.82804341055177,7.088680566763927,185.45787009020347,1
25.454749016213015,411.67255175470655,12.986310234128258,386.2178027384935,0
25.50213529560301,477.5744952246998,11.166434039010598,452.0723599290968,0
29.127267288786133,254.1726035382001,10.21014989388264,225.04533624941396,0
35.74269294896713,370.3835691657888,18.49750018530909,334.64087621682165,0
32.95835055926347,474.6464892764126,5.327350951632343,441.6881387171491,0
28.736874205941252,210.18379357573968,14.956845292633837,181.4469193697984,1
38.35558684167138,409.226080174052,19.450916513203257,370.8704933323806,0
24.18481581956125,289.2047022117652,13.402522751927629,265.01988639220394,0
28.764339456056547,477.3188586129591,19.052336930496377,448.5545191569025,0
30.99085529881075,491.3174735496103,5.783868189290357,460.3266182507996,0
33.68209952651108,483.27994673403015,11.28189978611242,449.5978472075191,0
43.55527884179041,342.26426499723914,8.902366864430768,298.7089861554487,0
25.99021346475079,458.6127952967941,15.962314474710949,432.6225818320432,0
35.42703315240835,453.36481956052114,19.7194563574587,417.9377864081128,0
37.77243706586128,295.7301419729767,8.847950936663718,257.95770490711544,0
21.393512381599933,448.6746422452032,14.812619022111116,427.2811298636033,0
38.226345557043146,211.1022904146478,7.971464491396102,172.87594485760465,1
25.115723710618745,378.880963544616,13.479953818574147,353.7652398339972,0
21.951547789558383,269.0026511863109,11.958987300325042,247.05110339675247,0
48.4665661176,236.17006573318363,19.580079944473056,187.70349961558364,1
48.96896099223678,223.08596048876277,14.127909090446998,174.11699949652595,1
44.25192044349383,408.8866327634419,10.242595581302282,364.6347123199481,0
29.13841307520112,301.96248913041984,6.711436773319001,272.8240760552187,0
22.93016342019152,417.4300314586284,7.268702431024018,394.49986803843694,0
40.52699079536471,219.6069022396827,8.379753949268526,179.079911444318,1
33.20457481218804,294.5871013491831,8.76449992010447,261.3825265369951,0
23.66114704534337,361.8473877126012,17.759240867617066,338.18624066725783,0
34.85530730333811,437.21694945168906,13.418341824237874,402.3616421483509,0
21.031655633456552,295.62575087962097,12.850863670615496,274.59409524616444,0
47.27961206236346,387.76741293110274,6.721533078038262,340.48780086873927,1
27.763399448000506,465.7933244708561,17.902095400241524,438.0299250228557,0
39.87566853061946,384.7589564546914,15.842214548127256,344.8832879240719,0
29.35133228268233,269.8878424260901,6.015025428500024,240.53651014340775,0
35.602040635334326,207.3202344669614,15.61752645844653,171.71819383162708,1
36.40130838029839,461.029662170279,13.15307326013969,424.62835378998057,0
25.545633665765813,206.38082325511613,6.225880186201674,180.8351895893503,1
49.08753883293676,462.4105018052598,11.874509622929846,413.322962972323,1
43.25398470083344,358.6811402081636,12.270444306950704,315.42715550733016,0
48.18496824692568,481.7203095538688,7.486618102449136,433.5353413069432,1
46.844820512829465,439.6349707320997,19.185472205004235,392.7901502192702,1
37.93699936433255,499.3802331600013,17.74963057220993,461.4432337956687,0
47.6562270506935,305.213544635513,15.035335059936624,257.55731758481954,1
22.654775061557583,430.15648667933806,11.934433415009108,407.5017116177805,0
25.87948587257436,320.57927408277266,11.176483123767628,294.6997882101983,0
21.35681866731614,343.96268609117266,14.764602007264312,322.6058674238565,0
29.759909922897933,388.251638965511,13.18147804110358,358.4917290426131,0
31.660318690684463,462.1031342559016,5.934096588228284,430.4428155652172,0
28.14047095321688,495.22504075978856,12.687539731554976,467.08456980657166,0
44.86212527455788,430.4820241593554,17.096054258492593,385.6198988847975,0
30.70259980080768,325.3300346502001,11.88859816395437,294.62743484939244,0
28.428035290621423,326.40710068312103,5.7793486633140265,297.9790653924996,0
36.28088249474746,421.2746904766674,16.794172990760497,384.99380798192,0
24.22772674924288,271.6331437304907,8.020456732039616,247.4054169812478,0
44.06590942262119,233.1422339394184,8.879312523320582,189.0763245167972,1
22.236519310393124,306.38664729223296,7.470595301484439,284.15012798183983,0
49.60660809801552,286.1716974962245,9.953225973072463,236.56508939820895,1
43.16734307889972,288.892436136797,16.351272585329525,245.7250930578973,0
25.96147044602517,270.082325314973,12.79078789255906,244.12085486894784,0
20.165663513708072,212.62795689090856,8.073219112260688,192.4622933772005,1
44.46384285364503,205.36218042002412,18.16745117228061,160.89833756637913,1
41.20572031542852,496.3167169208095,18.193727824272937,455.110996605381,0
41.87021504122962,328.3319401207587,18.058676375690105,286.46172507952906,0
43.13811040057837,315.2979941479045,8.58194317072309,272.15988374732615,0
22.221339552022712,403.89418480792096,11.768590162714824,381.6728452558983,0
30.753971856328175,265.47616635951925,19.77484484211313,234.72219450319108,0
23.47607178575389,484.9883551850676,16.580187144649855,461.5122833993137,0
45.89310277626781,435.9035043246656,5.407511318383397,390.0104015483978,1
38.69894380482674,226.82330069367785,5.978068868907381,188.1243568888511,1
29.92694074557948,325.2742327354785,11.958970652184991,295.347291989899,0
21.90675050858071,463.7354922686494,18.638303087923404,441.8287417600687,0
29.329469651469864,483.4196066874231,13.080526969290712,454.0901370359532,0
29.75549966080241,340.2204533749609,12.467187620514354,310.4649537141585,0
41.88818535014192,384.0234167632123,6.582105499349459,342.1352314130704,0
39.12672414065639,250.11018382762256,14.85170157086441,210.98345968696617,0
46.616382277289794,497.350587841093,17.331547409003385,450.7342055638032,1
34.16644775485848,269.501510415033,10.706300112613434,235.3350626601745,0
23.58782737814905,482.8195322405377,16.63417776387991,459.2317048623887,0
41.39734361668985,394.8939946977105,19.467149808512172,353.4966510810207,0
42.82355145850693,382.3210384636577,8.056496886915337,339.4974870051508,0
36.83831592708489,353.80655330495256,12.84994446792112,316.9682373778677,0
43.12901539863683,269.2009435153276,9.307069371268632,226.0719281166908,0
34.81386789093172,252.95840960165248,16.892816285507593,218.1445417107208,0
35.681984881459826,266.1458627210526,13.663900488217363,230.4638778395928,0
32.82623055075649,255.9314786432764,14.518736263254556,223.10524809251987,0
20.76257380232285,433.875342070026,16.96871239423841,413.1127682677032,0
23.23674280979913,305.037577750019,10.939557089936825,281.8008349402199,0
20.942875570602027,217.3528029690189,18.726351026105647,196.40992739841687,1
39.09231233791341,490.7307890422434,12.9954330086921,451.63847670433,0
29.4306794322898,465.1357654890277,7.36932234253022,435.7050860567379,0
35.25712073494108,478.3256849585639,15.438486772532038,443.0685642236229,0
47.22699421778279,498.47234679393057,16.898920256573817,451.24535257614775,1
27.47876687446625,252.1685747658462,9.7514251560129,224.68980789137996,0
32.31148769106889,318.8726056707976,17.857688854981294,286.5611179797287,0
42.66653415629146,427.47154271122736,18.592148821486497,384.8050085549359,0
26.86394496474868,408.8061854161377,9.153567310667134,381.942240451389,0
22.30939729486379,246.1687719019565,19.75282209072833,223.85937460709272,1
28.69254358741304,444.7499374971853,7.110672920731377,416.05739390977226,0
24.83663861762013,267.33217155099817,8.03023502603735,242.49553293337803,0
47.8909295702772,267.14528444678695,7.763372588570392,219.25435487650972,1
44.24361138693251,361.0923268680241,18.409845650118054,316.8487154810916,0
39.002112695312704,377.88198045251096,14.814388284874427,338.87986775719827,0
46.143817705631534,374.0258623513433,7.281564248334093,327.8820446457118,1
44.11016230697344,227.44605121932648,11.604851275525236,183.33588891235303,1
25.59710176658108,463.2382587891141,14.229470376047033,437.641157022533,0
46.77676995469933,279.6800127766118,6.251961274840749,232.9032428219125,1
36.18026725746952,238.85447638484123,18.23624552611008,202.6742091273717,1
44.22320465492187,466.6244239606932,17.054053031623027,422.4012193057713,0
46.8827389977048,486.695449468926,12.578101603649571,439.8127104712213,1
29.54010424915592,458.6382851796352,19.506899228887555,429.0981809304793,0
23.301557735830304,442.8548224174634,11.266414689126496,419.5532646816331,0
26.83805487625825,396.5725941917065,19.761654785547467,369.7345393154483,0
32.81323365878769,365.2572111827418,15.018799982054404,332.4439775239541,0
44.54044297767479,226.09602797342305,14.520069098809122,181.55558499574823,1
45.82191749769031,322.5359639212096,7.489323429436775,276.7140464235193,1
20.20856391593572,311.8065551036942,18.22891637456966,291.5979911877585,0
35.32241907732697,277.9261351280979,11.412345318809226,242.6037160507709,0
32.52233009446337,417.0260341065755,7.4335010867371905,384.5037040121121,0
26.663234314121908,348.76272052363123,5.189112799636385,322.09948620950934,0
23.595961020010485,224.3138647722944,13.39633525457574,200.7179037522839,1
30.12845514210884,266.0549605849434,12.910994331840143,235.92650544283453,0
48.28729111737557,404.9776290978788,15.790304335537378,356.6903379805032,1
29.696087960622656,222.83925784709007,18.35387079526703,193.1431698864674,1
35.563718652300985,455.3620742146306,6.191098769645443,419.7983555623297,0
41.09056876685533,348.54395810419226,15.972447355105436,307.45338933733694,0
30.90888807137882,344.1759731979944,7.811179161463733,313.26708512661554,0
49.15346248162882,377.7223353978553,17.87265579735746,328.5688729162265,1
48.87341884826334,447.4042897775448,17.285952707924842,398.53087092928143,1
27.553468874760924,304.3427623706579,13.111906324783163,276.78929349589697,0
34.91745517677156,403.4048457677191,15.653641979349672,368.4873905909475,0
29.02634929450309,369.7195891987373,9.715251697756226,340.69323990423425,0
28.545214831324028,280.1084810508264,12.06751848399222,251.5632662195024,0
21.106608420635983,463.5889959065474,17.324553465657075,442.4823874859114,0
38.286930019396905,439.2278064820785,11.888977957598208,400.9408764626816,0
35.08037069686584,397.5355503975277,10.366973979881628,362.45517970066186,0
21.54436253749968,455.1745187282726,12.413186708754498,433.6301561907729,0
28.359393927098346,460.1882602879407,17.423738786558275,431.8288663608424,0
47.24797657899961,412.5088930145105,10.02812071056309,365.26091643551086,1
27.18685672000917,451.1039985091016,7.606423897036157,423.91714178909245,0
24.346846162736693,409.2414385007851,15.680210304961712,384.8945923380484,0
34.68358280832689,404.04223152809016,17.389673190621227,369.35864871976327,0
49.56951362331802,385.5834134645553,6.509562177853,336.0138998412373,1
27.261658145345013,425.8149918672924,8.59811169133917,398.5533337219474,0
40.16406642217636,247.5815315879221,7.1295798464149085,207.4174651657457,1
42.84858845986153,464.26122775967855,10.2191211737325,421.412639299817,0
27.12912631977199,461.5530583235696,11.755264683581188,434.4239320037976,0
41.84649045835579,208.77418491036772,16.232395054449597,166.92769445201196,1
31.0334939815776,447.7450251694288,14.767213773225112,416.7115311878512,0
38.96917491780738,238.66096024203355,14.313928512176467,199.69178532422615,1
39.00589132282684,300.5356562777426,10.285624199144817,261.5297649549158,0
36.07324052224276,423.0524768874823,17.6217132962714,386.9792363652396,0
22.70869310163225,248.22796881449247,12.069307510972468,225.51927571286024,1
45.05907486767714,445.3901072357187,19.68657407022732,400.3310323680415,1
29.623401949152075,449.64025338732256,14.512132074436051,420.0168514381705,0
25.595555311995625,352.24032012825086,6.893971123467541,326.64476481625525,0
21.22325424664292,201.9157615150501,15.14266343113151,180.6925072684072,1
37.72678829564725,286.1114399524738,9.876560231475484,248.38465165682652,0
40.32693085526847,385.07807551272265,15.294907950291462,344.7511446574542,0
20.49763486783569,494.3558534082271,6.044617222436086,473.85821854039136,0
35.36279174897843,389.5440581050005,7.623221557639391,354.1812663560221,0
26.79487325593814,277.94107431924795,17.836058883586794,251.1462010633098,0
39.35518371228349,390.2017109298834,8.407693355352723,350.84652721759994,0
25.23099287014974,361.99561391475663,17.555616878644102,336.7646210446069,0
40.72813214307398,433.9536185453431,9.189141326816156,393.2254864022691,0
31.602060389016124,232.09419164808756,14.643228650880614,200.4921312590714,1
48.10189966210204,428.3083707506084,15.412258602647466,380.2064710885064,1
24.1256283243798,362.37997360283305,12.689821297175794,338.25434527845323,0
30.231990531507755,488.8976011576984,9.57966015045097,458.6656106261906,0
23.40420563721767,302.56164981160583,8.189665645566443,279.15744417438816,0
47.74080854835688,389.78656794018445,5.497840318436394,342.0457593918276,1
46.32018060142943,479.60843165300525,9.559196018610857,433.2882510515758,1
27.73824883145467,230.75291839720376,14.797441857969243,203.0146695657491,1
39.79952138102537,481.1685461709353,19.07457227672724,441.36902478990993,0
44.51666600603647,406.365716690244,18.068067233945783,361.8490506842075,0
36.65602434798387,220.3511177315516,16.49097164802954,183.6950933835677,1
35.889517350680194,290.28907008404485,16.826710148799478,254.39955273336463,0
27.25556872701355,412.4516265935845,14.97477355213993,385.1960578665709,0
22.793083034176977,220.20518044063152,8.904302863490045,197.4120974064545,1
46.91647273859981,374.651138052882,18.607925460587445,327.7346653142821,1
47.01254171489991,303.764917085887,15.060984678587513,256.7523753709871,1
38.99304371819804,386.2746553302432,13.4066094647066,347.28161161204514,0
30.17089373146102,213.72261014375383,6.664842038202217,183.5517164122928,1
30.476287238379825,461.4610418457129,11.705833157096382,430.98475460733306,0
41.77867036610718,492.0466907532191,11.905374068028896,450.2680203871119,0
46.913307798577314,490.66335658570745,17.968454142840052,443.7500487871301,1
46.61259272795352,424.8955495228775,13.199723302816826,378.2829567949239,1
43.39626637572872,239.0258720391896,10.706008234556144,195.6296056634609,1
39.26094938462863,427.4789587787068,19.65200492765989,388.2180093940781,0
22.524198949851467,207.37607493764045,6.660808899894735,184.851875987789,1
24.84886142283841,206.6370654586992,11.338226424679169,181.7882040358608,1
46.95662565581237,297.0830657448624,5.630370127571079,250.12644008905,1
38.1928717897877,346.59295712139976,16.098561811503956,308.40008533161205,0
20.27591154849889,431.122225342338,18.77114828298726,410.8463137938391,0
23.044146285980965,404.9886129819515,9.200559943257344,381.94446669597056,0
39.90505307324168,333.7708119130245,17.875125151986815,293.8657588397828,0
20.15184751538656,282.08799988449977,9.383273456928467,261.9361523691132,0
24.82424154252496,499.13735004731336,18.66155242465873,474.3131085047884,0
36.46201368099759,327.8543906707919,16.30942855395176,291.3923769897943,0
40.7568559307808,335.4161072989026,17.07360165262158,294.6592513681218,0
39.55883778507801,249.0871463575008,5.270098334006818,209.5283085724228,1
26.728079283816797,438.4428646249788,19.44215535611039,411.7147853411621,0
41.36537664042608,408.1046677344466,15.900064881054847,366.7392910940205,0
27.117472624904003,266.2308838366281,9.571266430792,239.1134112117241,0
29.76199094477803,224.7143136847528,17.440919972882703,194.9523227399748,1
42.394742153540726,404.1497906224139,9.222817976223949,361.7550484688732,0
39.48898697141644,396.35336428434056,18.09130759349192,356.86437731292415,0
45.47670231482534,281.9778580994628,6.688705856179055,236.50115578463743,1
39.7283867690103,485.2590686751231,15.555289661911935,445.5306819061128,0
37.04925810006415,245.3173675342701,13.110477149673654,208.2681094342059,1
22.81024303484277,329.7004403127806,6.448017052931612,306.89019727793783,0
31.031474091783004,483.0847760502797,8.628407423882585,452.0533019584967,0
27.956071030451763,325.9181950778367,5.186060544159722,297.9621240473849,0
27.319689301372502,391.55778429922566,12.031519481967589,364.2380949978532,0
49.19031664257336,319.27831938883827,9.518978911400003,270.0880027462649,1
31.79293174000281,282.264560704601,13.975362264466382,250.4716289645982,0
46.7613966553134,495.19329438794847,9.458567115629258,448.4318977326351,1
38.93415877991789,322.8002018945129,9.49878667260477,283.866043114595,0
43.84433910624945,468.2297611037403,16.14789798097405,424.3854219974909,0
35.079112793155765,268.98638176732584,5.722142539675302,233.90726897417008,0
37.30711653879077,263.931411207525,18.54342492787981,226.62429466873425,0
34.77553081456592,209.3402248653534,17.783958115867723,174.5646940507875,1
25.85728963394133,395.5000476127655,15.017070248396095,369.6427579788242,0
41.67356345784516,310.5579031171284,13.898323551610764,268.8843396592832,0
28.423170873225672,459.3074749518911,18.384537472094785,430.8843040786654,0
20.729478992943616,341.9629720074672,7.779952692930717,321.2334930145236,0
39.36416887721504,490.4580283744165,6.184537432862429,451.0938594972015,0
25.31332038221147,255.6576547109364,8.592652548643072,230.3443343287249,0
48.21375753058743,460.5869503866832,16.918674180502855,412.3731928560958,1
48.617857310077625,432.97905583752254,5.52005400089725,384.3611985274449,1
47.44593170661346,431.2765533932157,13.742102526252344,383.83062168660217,1
31.10476100766333,453.4349684350663,19.93156274286965,422.33020742740297,0
20.463698495866023,428.30719728289966,17.835441407563092,407.8434987870336,0
47.84955687763176,387.8660964894247,12.821685335653845,340.0165396117929,1
32.84552444951943,239.37346330471627,5.954613639299636,206.52793885519685,1
48.999644571310085,209.7578538473756,17.470602715785645,160.7582092760655,1
48.90859931267758,476.254354344706,13.984677622658158,427.3457550320285,1
45.5902836640208,384.99509435622144,6.723994955893502,339.4048106922006,1
28.83346676208757,438.96118729285286,6.407859272350343,410.12772053076526,0
31.55293185805776,344.45670545376504,18.64440229154889,312.90377359570726,0
45.5341001455057,235.19245668871835,15.038003944071177,189.65835654321265,1
29.50766015468833,237.55573766076515,17.439301989751335,208.0480775060768,1
25.08478240058277,405.6695861686914,18.18468350423401,380.5848037681087,0
36.70403787375051,329.0917684698388,13.576585280724832,292.3877305960883,0
48.08464322482343,260.157418010101,12.761695276325618,212.0727747852776,1
40.88089390024919,347.47836402243104,11.456411154814852,306.59747012218185,0
37.10183510268095,219.26268112254024,9.75419881686679,182.1608460198593,1
22.91529481312305,374.5914205743196,11.518939412880677,351.67612576119654,0
38.45021680097509,280.6980213305293,16.608194835952347,242.2478045295542,0
49.7016155031279,439.2677301911565,14.028851465226971,389.5661146880286,1
24.202520457095723,293.10858767707214,18.387849349322693,268.9060672199764,0
35.5498895709121,336.56604472454035,11.650700215687817,301.01615515362823,0
46.32119215783867,203.48616197243015,14.106343680781311,157.16496981459153,1
42.22305853262613,221.73406633836763,14.46961329637983,179.5110078057415,1
40.91047222985805,317.7480669220055,13.875457434594884,276.83759469214743,0
41.07452251961328,343.98165041513704,15.539506596282743,302.9071278955238,0
30.78473453659265,380.0061644357911,8.561502025622094,349.2214298991984,0
28.8077553279348,287.49877361279096,12.68545666318686,258.69101828485617,0
44.28083466435541,408.4945658379628,6.563372042125215,364.21373117360736,0
44.30340184037542,458.03671915676136,10.767669914672188,413.7333173163859,0
46.01216955740311,433.95529666800496,12.315006029318964,387.9431271106018,1
47.39721657669413,211.88564760450717,14.783363893182088,164.48843102781302,1
35.34027196582814,344.1520841773487,19.25796578879305,308.81181221152053,0
35.04548884061599,231.47905352545249,14.00976599822534,196.43356468483648,1
43.948855369003255,272.61350475875827,16.153908742648397,228.66464938975503,0
39.49891792333296,495.9987779801439,12.593990892428042,456.499860056811,0
41.059006317731104,242.748662870454,14.51156047064497,201.68965655272288,1
43.87378008308304,349.6664460354068,6.063983242006602,305.7926659523238,0
46.70016025452699,385.4467202954357,8.815873712627704,338.7465600409088,1
30.139854705546075,410.7394911632312,10.42779639807708,380.59963645768505,0
31.26748857919832,367.8946050460742,12.087400325097704,336.6271164668759,0
22.81945819522607,202.9312542257551,5.6847311825357565,180.11179603052904,1
37.34840422988522,297.93839247319755,7.100361463299765,260.58998824331235,0
21.078268213902263,355.3134930154134,9.152214616869584,334.23522480151115,0
33.9679405439738,226.35994974345,19.57299036351576,192.3920091994762,1
36.2793390412273,305.18807936275425,9.970205106545762,268.9087403215269,0
28.596237563848533,209.96093263741,12.230615871681238,181.36469507356145,1
37.72499781707032,223.57354914650625,7.941465691075894,185.8485513294359,1
20.915007498171484,319.07698286047884,14.161701066136525,298.1619753623074,0
21.12044566247643,239.8147262129181,9.210248232739614,218.69428055044168,1
44.67801681978975,370.2622544784674,8.104888676576401,325.5842376586777,0
30.805719242337886,406.8394907411797,12.748589426689689,376.0337714988418,0
23.811815379556545,440.1760097327249,5.082586987406312,416.36419435316833,0
35.66729780164413,260.04507327344305,5.11496048973838,224.3777754717989,0
43.09980659295832,250.24477467772093,8.286032136527867,207.1449680847626,0
26.474630824905297,231.37035210032008,5.550820437512317,204.8957212754148,1
38.68671427457001,390.9290748630911,6.62038631196037,352.242360588521,0
22.56042394981304,411.9427179460704,10.082909740081272,389.3822939962574,0
21.55045163505823,209.47584344769265,17.038785193697194,187.9253918126344,1
35.94063894704444,480.86367387310696,13.580729650539512,444.92303492606254,0
36.2190536483032,215.59138509544167,12.690015889346244,179.37233144713852,1
39.1228970449462,362.3889005903211,9.402332348121824,323.26600354537493,0
41.78274001167985,412.71815583527496,18.976305791492244,370.9354158235951,0
49.27556238387604,461.2907371238257,10.955225618557876,412.01517473994966,1
35.48901044903586,414.2260796397284,6.306391501936572,378.7370691906925,0
29.688694188237378,440.5184249209376,14.255997741767018,410.82973073270017,0
43.85558584306111,301.8350577628418,6.707575902149021,257.97947191978074,0
28.124967537862226,444.4475341239537,10.17834714202538,416.32256658609145,0
33.16914262116909,224.0344539154025,12.611179080767132,190.86531129423344,1
22.35369144026798,468.4449968181583,18.11333787027764,446.0913053778903,0
20.760522302463727,364.2777128461208,12.40319870510178,343.5171905436571,0
48.87945244033775,445.1893309887481,15.533881490474965,396.3098785484104,1
45.079403615366175,335.69548535549006,19.892252584986053,290.6160817401239,1
40.87922618281094,393.0733085589575,6.972336798469724,352.1940823761465,0
32.268588332428095,357.920798280834,9.120972882792792,325.6522099484059,0
25.19882960212537,419.4768565265996,10.918641133964696,394.2780269244742,0
24.69311128013258,224.48899460917687,11.32742267808247,199.7958833290443,1
27.50728694493786,218.10562519716916,11.165316128983186,190.5983382522313,1
36.476799941183614,274.13097020304394,18.614165038348325,237.65417026186032,0
41.437877681001865,247.8634040339565,15.710489667002848,206.42552635295465,1
39.80592130153194,461.5350699776605,14.118578211360555,421.72914867612855,0
28.398016908378285,265.7641962074133,9.640590767941733,237.36617929903505,0
48.64595841989582,492.75957674573937,17.35685576331942,444.1136183258436,1
42.13690750087305,301.06873753133203,19.325907672274838,258.93183003045897,0
36.63062157534202,254.63537470660975,17.3179742382534,218.00475313126776,0
38.35162238703057,436.9095521427437,5.023476577872094,398.5579297557132,0
32.5880018728337,397.6123326502628,14.546020552751106,365.0243307774291,0
27.431929685034724,349.45871493594166,5.767030721631511,322.0267852509069,0
30.679180359537845,366.60906528128936,8.864108305005828,335.9298849217515,0
42.735383313931074,415.7605334816792,5.892870505216576,373.02515016774805,0
20.43180465889268,268.5364223993896,14.056931794240816,248.10461774049693,0
23.482179215207488,498.90017481702256,15.2988487023891,475.4179956018151,0
21.380079260652582,492.4379486440349,6.717314570988577,471.0578693833824,0
21.221864069569104,395.09770590408107,10.757583245674692,373.875841834512,0
45.66381752033021,259.8627352787436,11.843547634333133,214.19891775841336,1
41.10973578140072,404.0684727293874,10.535795326413748,362.95873694798667,0
34.22521487261976,221.6595226937528,6.815375007277895,187.43430782113305,1
22.93502481953004,209.1957506617418,11.284216852812133,186.26072584221177,1
34.74847625350497,277.3048665533641,16.267670717126272,242.55639029985912,0
34.20415312341697,338.7868870217949,6.0651149679988325,304.5827338983779,0
25.196056097300456,460.4817516225141,6.202700211228551,435.28569552521367,0
33.01554947713919,418.1507209298924,10.321569377539763,385.1351714527532,0
31.95514203192121,422.8119563599943,19.125885674283875,390.85681432807314,0
38.47550294156649,327.6480003344226,15.02858970084371,289.1724973928561,0
39.052809526029314,303.78049776408886,15.180049350088472,264.7276882380596,0
21.359120293161336,311.3116288953808,10.428799862567974,289.9525086022195,0
31.238378438794136,496.2948691208173,13.904911868128076,465.0564906820232,0
38.77579747142709,212.03275742374475,5.151967760416151,173.25695995231766,1
35.09408775740263,460.10944883673454,14.541440696143134,425.0153610793319,0
45.69469523564967,373.602622571718,18.69930421364355,327.9079273360684,1
39.760808948568354,331.5846257568772,14.188602025172289,291.8238168083088,0
24.88803281244289,417.57729812454096,18.105478901995177,392.6892653120981,0
22.117062422012896,346.0006824274109,15.859595831991408,323.883620005398,0
39.27257834618947,462.0269714244982,6.808376246055354,422.7543930783088,0
20.79533931624865,470.2105592033776,18.536799609287627,449.4152198871289,0
37.5732674382039,326.51627806203663,5.996657665336623,288.9430106238327,0
48.20690724274873,283.0483391705155,13.009512088216455,234.84143192776676,1
37.26422533627637,377.7050985780087,7.132056856901865,340.44087324173233,0
31.645097786195656,473.7090036850073,5.175599160963561,442.0639058988117,0
39.29864655327059,263.1986567017,11.330513901914586,223.90001014842937,0
33.747586714745495,386.8899750690448,9.425610614812344,353.1423883542993,0
36.36850367947805,389.46806602775615,12.290007406964046,353.0995623482781,0
48.24394426329576,419.9339067245843,13.657998301018262,371.6899624612885,1
31.58307913402323,239.47030553817797,5.65608608463421,207.88722640415472,1
48.83571691471742,414.74748940462655,6.845049426856185,365.91177248990914,1
47.16051925868192,472.7097561996923,13.37963594675638,425.5492369410104,1
25.87373404367889,253.9049326610726,10.147510297589871,228.0311986173937,0
22.080839026254964,271.2629974771633,15.93760231324172,249.18215845090836,0
23.0233400413228,491.4185282124919,14.784374728879095,468.3951881711691,0
20.546654769546493,254.29308581284693,17.684065444848603,233.74643104330045,0
22.83328882267785,456.3155280108737,15.38739240003838,433.4822391881959,0
40.490203202490704,347.6833569344104,11.448966160852224,307.1931537319197,0
22.13565945380687,274.16932232095314,15.094499335916488,252.03366286714623,0
29.56926890881284,461.2249703817534,9.130717613831278,431.65570147294056,0
45.34625932908364,333.59157650079965,9.59470248167319,288.245317171716,1
20.698158072074776,354.44520617890703,16.8347773988119,333.74704810683227,0
44.43405447766807,307.7700108199297,11.696292746023731,263.3359563422616,0
28.455643243202,377.8852554304782,16.975705107775287,349.4296121872762,0
23.544944828649687,249.0571617755068,17.336335605024175,225.51221694685717,1
40.90211496092452,317.3244609955282,17.86343506491926,276.4223460346037,0
38.86828540339652,490.8236967005863,18.74952853761811,451.95541129718976,0
46.32416040581159,277.4400298103383,11.464778307699444,231.11586940452668,1
42.05213131411657,397.02099936238767,9.783002274817084,354.9688680482711,0
44.10442791154546,297.55701926740846,13.732981198911707,253.452591355863,0
28.4610371771392,432.0419377059802,10.567586351564414,403.580900528841,0
25.323186313391684,239.26209821550492,14.016112502003494,213.9389119021133,1
42.51844254922575,490.9463135235634,15.58378793965737,448.4278709743376,0
44.20504217801792,336.13686241509174,15.326075277382053,291.9318202370738,0
49.7151542600202,270.8151390039392,10.61829330530182,221.09998474391895,1
32.37853030734279,222.04902419900375,7.5029030254812925,189.67049389166095,1
31.16054257378349,250.92737152626225,11.457940076933111,219.76682895247876,0
43.29238882225991,355.9321845668053,7.138912161228631,312.6397957445454,0
30.224106207590538,301.10095292938587,18.351455527757125,270.87684672179535,0
47.922719768106944,448.6650097647829,10.188161911067862,400.7422899966759,1
45.75238255529035,329.2662570985418,7.316896208349856,283.51387454325146,1
32.86982082125055,274.614281776289,5.381716398586264,241.7444609550384,0
42.52613203374492,385.143495981209,14.687335794297264,342.61736394746407,0
42.63628622254047,412.03316506563374,14.55353476182115,369.3968788430933,0
23.093716065077977,250.11257237028497,10.109062498719377,227.01885630520695,0
47.076587200387,250.2857648864953,6.075678332714765,203.20917768610832,1
35.15757117343571,211.00142808006288,11.14443342342848,175.84385690662717,1
44.79372398323225,420.9206045196921,9.668262425950903,376.1268805364599,0
29.601488030918357,399.1413582865415,15.15680959602514,369.5398702556232,0
46.86569685488601,342.38926272494416,14.086688741790356,295.5235658700582,1
31.676050362024892,453.2511346907592,10.4689059229631,421.5750843287343,0
20.325129544408952,441.701045885016,8.26838831382485,421.375916340607,0
47.16145929257791,375.6063093190256,19.82053949233388,328.44485002644774,1
22.738600303584008,460.4813841539776,11.810024317941725,437.7427838503936,0
29.579409127712445,261.75236301103047,15.324113536703557,232.17295388331803,0
48.50185901152415,233.5758858193184,7.108294513675411,185.0740268077942,1
48.51821440812668,280.9248834550969,12.283845494890969,232.40666904697025,1
37.203136643698585,217.12605682679447,5.413050798041982,179.92292018309587,1
38.95511636509398,359.3508584003096,12.58182676865675,320.3957420352156,0
33.45336565934959,480.9817076884884,19.460261106765536,447.52834202913886,0
28.796323150941937,211.8030622005529,10.763100694787004,183.00673904961096,1
29.85993636109748,236.63297420300805,5.584940188623674,206.77303784191056,1
40.175553682311154,335.6597084850306,5.464336863790153,295.48415480271944,0
42.5712358831304,480.1625052583715,10.819801399203042,437.5912693752411,0
43.74737131177545,294.84683149302515,7.400374046947911,251.0994601812497,0
43.68854428383662,352.1704426065177,5.350281444922789,308.4818983226811,0
22.73618309146071,212.47185771511764,16.343204209252654,189.73567462365693,1
34.83260914107744,244.50296028862667,11.87784513322836,209.67035114754924,1
21.72676280049933,495.9890368876541,9.338671579589818,474.2622740871548,0
36.485866469712064,489.5356089308137,18.501247745247213,453.0497424611016,0
33.245915041201314,201.48199428032288,6.742084403007884,168.23607923912158,1
46.63112548274899,485.5435356269717,19.338782434329783,438.9124101442227,1
30.52745037656236,391.7359813446501,9.709500760660292,361.20853096808776,0
23.51201049282817,460.37548835600666,18.32605508463022,436.8634778631785,0
24.28975046158508,336.42195669015774,14.044143147191924,312.13220622857267,0
42.84531895152416,354.6788085737751,17.40061039612231,311.8334896222509,0
38.54654189948784,346.65397407707604,19.76019744815697,308.1074321775882,0
23.033680283683708,400.0592772638313,9.326081567281186,377.0255969801476,0
22.523204183449923,241.89537642689388,19.41703228111389,219.37217224344397,1
41.0290739437736,208.99207696180335,10.842228423536303,167.96300301802978,1
22.182890190925807,292.3789824773573,10.782678571053836,270.19609228643145,0
44.65580177871068,411.4042288209941,10.105806563817586,366.74842704228337,0
41.18726681469489,260.55603563688453,13.121114110213778,219.36876882218965,0
22.440463419256997,402.0297299974752,7.312175647677306,379.5892665782182,0
22.54513142255576,490.9736138321811,13.305672280370167,468.42848240962536,0
49.59918735503526,228.17021473682556,13.12557218615006,178.57102738179026,1
31.22812387268361,401.7806354675379,16.42852718907305,370.5525115948543,0
31.11926441200673,333.12506579137136,17.504749429063786,302.00580137936464,0
44.38398701772508,460.4426763132516,11.60662025468636,416.0586892955265,0
48.41745732151576,253.14493683421577,9.534998740272409,204.7274795127,1
49.58003191468613,407.7877856678493,8.890023459756417,358.2077537531632,1
42.60134555776825,451.4345868944331,7.919357550573078,408.83324133666486,0
31.287787565927477,483.38426584220696,5.864713732985373,452.0964782762794,0
22.505021500960066,404.9744084868937,10.1367196825207,382.4693869859336,0
43.3144074778231,349.1524292025282,9.053715381961748,305.8380217247051,0
36.75212749207415,385.35417206036414,19.49626078799611,348.60204456829,0
32.72666027740929,460.67149534361545,13.365632393750658,427.94483506620617,0
47.19063155284208,371.18292399164886,10.209155585457612,323.9922924388068,1
23.33592446918454,209.11611790905107,13.70701401490544,185.7801934398665,1
34.778753128725775,479.2846086520933,7.087950520185433,444.50585552336753,0
20.34060934302257,406.8580253094683,11.660656238033043,386.51741596644575,0
34.05981925982379,402.954015733174,14.393514821315955,368.8941964733502,0
21.68909827045512,264.70254571931514,12.33346747688677,243.01344744886,0
23.56453748804216,397.6656410697972,11.026682009814865,374.101103581755,0
23.525787403313146,318.1593216962476,19.907725833495476,294.6335342929344,0
39.47630906348191,395.3698931124476,18.204721432233903,355.8935840489657,0
42.3813463779627,231.97790909239723,14.351089372391602,189.59656271443453,1
37.50106295291479,397.3535913809108,13.54066041773424,359.85252842799605,0
48.86517645423626,499.8241177312,14.30990719736876,450.9589412769637,1
31.246117385711123,214.4636116581668,8.019681617336499,183.21749427245567,1
28.57136258845582,493.1522552663952,10.92706614896478,464.58089267793935,0
46.05797384568381,322.0723882168612,5.59189299336349,276.0144143711774,1
26.70787515558358,461.2260351011777,12.1331905623024,434.51815994559416,0
48.89667618321834,434.715645217482,13.145368759364947,385.81896903426366,1
20.36463424069449,370.1048782960004,8.416246041548144,349.7402440553059,0
49.09636480122917,421.534762775398,19.460432707482703,372.4383979741688,1
21.294797358517283,463.55466839040434,18.64181916405863,442.2598710318871,0
46.73429341094213,321.2420964953099,15.832148531838588,274.50780308436777,1
35.831033272589,298.1099484689716,13.000799431480438,262.2789151963826,0
49.78894388357901,400.2780156690754,18.049537394715276,350.48907178549644,1
22.213896942061965,442.3537825823776,6.959785157351943,420.1398856403156,0
36.61562853203962,428.6855404329848,16.857646914123276,392.0699119009451,0
49.079076068572974,439.3440946575904,6.8723122095027245,390.26501858901736,1
35.692935325104465,330.6749944438799,16.91315993824108,294.9820591187754,0
38.88195914405787,445.3502648525065,9.136513523770354,406.4683057084486,0
40.87246066953851,236.0627166111825,18.156358715272837,195.190255941644,1
33.636231943033195,363.34672938825486,19.16063140738097,329.7104974452217,0
38.8267424025219,201.7275981494365,7.231939541076734,162.90085574691454,1
37.529429357693004,297.3757489700811,11.940134075980904,259.8463196123881,0
47.03474031472968,309.93846046141937,19.71481067244028,262.9037201466897,1
21.363391410243736,318.8518074827766,12.2511115395972,297.4884160725329,0
28.42889568776691,408.6401620069587,17.953212837718176,380.2112663191918,0
48.51234452229676,316.5674303811037,13.830972831969795,268.05508585880693,1
46.70791351672749,334.6080867867592,10.629948618794028,287.9001732700317,1
33.669702583571386,271.26323926229827,9.286753332888054,237.59353667872688,0
38.6039779340461,311.97553748880205,8.048346366291309,273.37155955475595,0
28.32143548943398,268.18088817894545,16.42697287066546,239.85945268951147,0
25.64363479171284,221.9587771305331,10.798107602345418,196.31514233882024,1
33.91095214819946,381.0345780144133,12.669131933011268,347.1236258662139,0
30.600566840781585,400.4638395665049,12.384882200017728,369.8632727257233,0
37.50968335552616,385.8471038028844,13.65918543849697,348.3374204473582,0
22.332039108949544,339.0482131401717,17.983657184368283,316.7161740312222,0
49.23184422998499,313.9357340537689,19.71109015375144,264.703889823784,1
49.586322334388086,459.0000948715476,11.113763128607252,409.4137725371595,1
40.94485142059236,355.7245355408654,17.412783831594545,314.77968412027303,0
36.08289099032361,343.75456328891926,16.467916919820766,307.67167229859564,0
29.285828488589832,207.6926197419307,13.6029342718336,178.40679125334088,1
44.41385059120846,302.3743482878469,19.340707154179,257.9604976966384,0
40.54193517661638,314.0586856357571,8.00711773292604,273.5167504591407,0
24.87850818034674,319.6468342690701,6.638963154644321,294.7683260887234,0
47.32781553481527,374.05171076819965,17.809429504331334,326.7238952333844,1
44.67611728769507,360.0807640180635,11.587247249506223,315.4046467303684,0
48.49399739875772,382.3715278380334,17.704532813105907,333.8775304392757,1
41.7715852516508,429.4649784626384,18.396353077931224,387.69339321098767,0
38.402455878073695,443.89572161482806,5.936863904286072,405.4932657367544,0
32.547291088718566,415.4369228679483,18.25197144479091,382.8896317792297,0
47.9818545006204,486.6571087864804,11.724785830541332,438.67525428586,1
45.98191668501225,205.4697748029085,12.656487335063485,159.48785811789622,1
21.35656010318568,258.7333957050638,14.398887666398153,237.37683560187813,0
20.79100923491756,202.26886249344264,18.895739100951303,181.47785325852507,1
31.29390100634149,394.2424142463809,5.286741416446461,362.94851324003946,0
44.31659992345499,469.4091646849961,12.152652024767256,425.0925647615411,0
49.618283879448335,273.0446889728898,15.31583063645841,223.42640509344145,1
24.512506733105845,478.110363438892,15.840604365473428,453.59785670578617,0
37.82392146056405,218.08021708686823,15.38798647305662,180.25629562630425,1
31.42672569893065,480.3308080416543,7.016526941121828,448.90408234272365,0
49.09743193443809,305.4868061718903,9.49093382557522,256.3893742374522,1
45.263567694071256,230.42624853476497,10.380732881255202,185.16268084069367,1
45.149861141334135,345.7615277558977,17.066558115192574,300.61166661456355,1
34.06079479384911,277.0329703161524,9.181398086218294,242.97217552230327,0
32.44458507012995,285.46187058857686,8.160574458008048,253.0172855184469,0
28.20221215792119,292.186989477886,19.361720285571444,263.9847773199648,0
21.691264899527813,440.907769349799,5.132949276702034,419.2165044502712,0
45.9416712876516,361.7483830025764,19.967312835229677,315.80671171492475,1
44.387030273902326,293.39230974680106,15.152319482860934,249.00527947289876,0
49.99153019858392,383.1001349932755,17.427039491736757,333.1086047946916,1
49.89910511221716,414.8452022669581,9.419290945192898,364.94609715474087,1
36.66295116807882,281.78720022006013,5.2147291650059,245.1242490519813,0
43.06962245541531,324.06473045760544,16.06804277842295,280.99510800219014,0
48.34297189647284,236.56582800108427,17.512168955010136,188.22285610461145,1
45.48942172032234,254.3448048604041,16.10714197930279,208.85538314008176,1
27.42044305229593,404.33535618949486,7.142754309512579,376.9149131371989,0
33.516324059302804,254.4315043086881,16.301418833854534,220.9151802493853,0
23.87478245454485,357.549015100118,16.533841731614615,333.6742326455732,0
48.62153081776167,412.7138785167298,14.878107735050824,364.0923476989681,1
38.1852390335264,232.0630769284232,16.491738991933794,193.87783789489677,1
26.85928416510388,370.19366588867103,17.688821595165983,343.3343817235672,0
40.15102053217571,276.96883511040915,14.204061713561876,236.81781457823345,0
38.54384721373688,488.8780625712739,6.329070709545186,450.33421535753706,0
30.74488154098521,345.0636940159774,12.314417145008164,314.31881247499217,0
23.40672776598887,441.79776493254747,6.164740020074076,418.3910371665586,0
40.14719586778399,365.0679626468785,11.113145465486465,324.9207667790945,0
35.6092310271138,213.0237598564457,11.106597336884414,177.41452882933194,1
43.16955175206918,389.9454126782067,5.990147662103624,346.7758609261375,0
35.6049050333598,485.4210026619971,10.23230800954219,449.8160976286373,0
45.5654450095562,380.48354604389937,6.664971481869722,334.9181010343432,1
36.55720516323457,445.7566578280371,17.123528150138334,409.1994526648025,0
36.82813914606159,465.26193900452233,19.21532038946706,428.4337998584608,0
46.29960807975035,268.42393158467974,6.084747128869079,222.12432350492935,1
32.10448598637191,263.613451972468,19.326728109375523,231.5089659860961,0
24.02045685351922,383.2942966552976,12.838648990051176,359.2738398017783,0
20.86348028940017,323.3085409420114,9.493485169308109,302.44506065261123,0
42.65411767020857,451.9583908600161,6.152931129142453,409.30427318980753,0
38.60928654060394,470.0069370194033,12.509364021056268,431.3976504787994,0
41.12239304297671,306.02641379081547,16.91773316736123,264.9040207478388,0
26.38892484526732,271.0611676923446,15.606297159000473,244.67224284707729,0
24.09114426760309,434.15765457315854,5.753390171959606,410.0665103055554,0
20.436339970036457,282.4418106644408,6.093527530518553,262.0054706944044,0
30.51762676419791,446.7842955541036,11.043099239489557,416.2666687899056,0
37.69753060563899,327.12147609462886,9.429357410719147,289.4239454889899,0
31.76732135299197,400.2649697874412,8.485764845840718,368.4976484344492,0
33.12424766071187,228.66059415040044,9.215067483630705,195.53634648968855,1
47.12476083481245,387.157797402972,17.05224114945327,340.0330365681595,1
30.44766401069901,335.53030362116874,18.938420804477808,305.08263961046976,0
35.419684674794325,375.98253895264224,11.076540417913495,340.5628542778479,0
43.50959038223429,250.40426232345905,18.591665031987453,206.89467194122471,0
31.896283469638107,421.0621234832546,9.82243551871823,389.1658400136165,0
38.662601006836205,458.8391232629685,12.146554795156874,420.17652225613233,0
45.87091126240236,265.0219400272327,8.390434967239996,219.15102876483036,1
48.48561870972927,228.71436665604853,14.60714063263766,180.2287479463193,1
24.41220442787114,207.09157581390093,19.68471672762213,182.6793713860298,1
47.79762875484484,392.59145013297984,14.05239644065068,344.793821378135,1
34.76348879238614,382.12821082663424,10.367211261703233,347.3647220342481,0
27.74733164896875,364.009223814221,14.717261689857926,336.2618921652523,0
33.77407268714784,269.58412883479264,6.8438101769808135,235.8100561476448,0
49.40097725856431,317.2717987716544,18.32988620398098,267.8708215130901,1
34.77854281978609,378.3429005558519,12.546259261697546,343.5643577360658,0
29.862548308625247,349.03005765775083,11.740246130594633,319.1675093491256,0
39.00202562950177,496.3356560644662,13.787971826802789,457.3336304349645,0
27.204368563345792,240.93192576701995,14.371757941841036,213.72755720367417,1
22.27589984325992,408.5433662142781,6.076637093397696,386.2674663710182,0
23.866391657319475,321.29563043128763,15.239258318351036,297.42923877396817,0
23.841375168733173,328.45988447768445,8.628975204732944,304.6185093089513,0
24.55708080536883,415.2793296974529,15.709289487598848,390.72224889208405,0
24.164815179482304,407.7308453973109,17.33802191576295,383.5660302178286,0
39.226242344096434,497.37679811065647,17.059377613287804,458.1505557665601,0
25.456402531974344,238.5182868362376,13.287514511118337,213.06188430426323,1
30.370018499715897,231.2328948152499,12.802548384661268,200.862876315534,1
46.90365229718036,417.3016451386224,7.143139420091176,370.397992841442,1
34.21884920788617,373.5160751019228,16.63019225604703,339.29722589403656,0
40.02673215563081,282.2481999679418,9.071140706700715,242.22146781231095,0
25.16959613604889,223.825810696696,12.450431342269198,198.65621456064707,1
25.768670564260123,225.6974748789292,9.264111393912753,199.92880431466904,1
21.226058487994365,468.25726239923546,7.0074254449953965,447.0312039112411,0
25.068051892164934,257.5601974156229,14.443365453376048,232.492145523458,0
28.35771017095876,297.01146863465624,5.814980522343557,268.6537584636975,0
25.310314528302406,267.99692066809644,16.229678511893,242.68660613979404,0
22.661076012711668,306.4988917495812,9.763801928916749,283.8378157368695,0
23.619076133018023,220.827152823828,5.00202039506728,197.20807669081,1
33.823363040981775,355.7179372724811,12.666937088558448,321.8945742314993,0
26.19001155217377,220.2837690776645,5.702778627914046,194.09375752549067,1
30.928095831442263,440.10695234670845,9.142543367313491,409.1788565152662,0
35.10251812564571,270.1136245731299,15.604647311835745,235.01110644748425,0
40.71184485888096,362.0035743813532,5.940344324327988,321.2917295224722,0
21.179364195232967,464.0237262684375,17.590077385340035,442.8443620732045,0
43.98231196727128,395.2632107141583,5.057298839878746,351.280898746887,0
38.83701168472723,359.8873359654005,8.702358038028533,321.0503242806733,0
22.45277095846616,297.30012593461265,16.11356084228107,274.8473549761465,0
46.20735872320331,299.9005739174594,9.744052245939605,253.69321519425608,1
47.6261720159544,400.846086559457,6.528385820990203,353.2199145435026,1
21.832338795645917,498.2418083663503,10.40350878200642,476.4094695707044,0
28.30632944441611,398.5517569548136,9.055899295767883,370.2454275103975,0
44.18603839379184,367.33502521100746,17.640678532408323,323.14898681721564,0
42.44779071150976,419.1951530717738,9.700218763777148,376.7473623602641,0
25.53563058069132,339.56168368511544,16.833987076640106,314.02605310442414,0
26.28047970010131,218.0427027802356,18.378082172161022,191.76222308013428,1
31.11416308374146,368.689044763373,11.507261293647945,337.5748816796315,0
34.53568955573064,487.2875853516141,18.64914715781588,452.7518957958834,0
38.54764314590888,252.5908827072979,10.659770809447892,214.04323956138904,0
31.067409187093173,407.0014672461997,19.461176247351624,375.9340580591065,0
33.876041483994435,260.2801065977169,6.339342867883594,226.4040651137225,0
42.4241281440127,360.7483053419244,15.305288997548642,318.3241771979117,0
21.100496086717936,229.00293489401588,12.40721060685393,207.90243880729795,1
27.573108330320625,335.1112808774556,10.814732081834704,307.53817254713493,0
41.40048757653658,426.8489986685738,14.490678181229011,385.4485110920372,0
46.856205130615976,304.27145727169466,15.557856374514968,257.41525214107867,1
35.35032326346998,399.4735173461654,5.0654490447546365,364.1231940826954,0
35.96340455795947,438.63498823691873,7.50429633120798,402.6715836789593,0
23.21516034019328,478.1533458438358,15.69569075951478,454.9381855036425,0
33.422371004703635,270.39262455663606,14.995781203673095,236.97025355193244,0
35.9785179936507,319.79477474279247,19.49071257693016,283.81625674914176,0
27.27411510904189,245.72480399912524,16.415566853761746,218.4506888900833,1
28.07729692848143,497.7450506475126,19.26159061597007,469.6677537190312,0
31.31852489313868,478.1002903772886,15.538107523022104,446.78176548415,0
20.60213593333179,361.9871390841679,9.470783129591648,341.3850031508361,0
29.66237496749535,452.6099883129264,6.580473833762847,422.947613345431,0
26.34344020989634,356.28739318161263,16.72735795017403,329.94395297171627,0
29.82492056533744,387.0757064008279,14.66223832213874,357.2507858354905,0
23.59286395457754,226.73732963480495,5.722790185899443,203.14446568022743,1
46.71581842219685,426.5811261490424,10.400756988514676,379.8653077268455,1
37.80777360662146,238.3140450905705,19.35199723226429,200.506271483949,1
40.37306957433469,447.8202890757585,12.506017185653018,407.44721950142383,0
43.67513715822015,434.6084263011157,11.49093704029557,390.9332891428956,0
34.953265967871715,412.62340932289294,11.86549407738941,377.6701433550212,0
22.60760864262271,210.84811415742865,8.133240860077455,188.2405055148059,1
36.11319625455644,290.9385067835986,10.530607562971928,254.82531052904216,0
37.60523354062637,278.9337709732529,10.547198839807647,241.3285374326265,0
42.3631842255299,308.04092224145575,5.785325302812086,265.67773801592585,0
32.94978638689038,226.2928240291516,16.513514427768776,193.3430376422612,1
23.82740908386691,481.08734690931885,11.247566478558184,457.259937825452,0
28.513277173961733,366.1406722137129,17.33269830224635,337.62739503975115,0
30.89246889195905,291.65729319740706,17.755220016798432,260.764824305448,0
39.377517239948034,319.094455122285,8.179910820479872,279.716937882337,0
37.12334914006736,334.1607621514507,14.860302232551929,297.0374130113833,0
30.68290177693539,380.1783000081852,12.084227062444723,349.49539823124974,0
49.59545746378939,354.70382830894937,18.202351068822274,305.10837084516,1
38.173244580706616,475.8175919643252,8.236110187646812,437.6443473836186,0
27.116803752079832,349.0890448717491,15.167198004650665,321.97224111966926,0
23.053474178612117,497.6474044469938,14.116281833790838,474.59393026838165,0
24.585774175529963,455.4274873235288,9.429522163577492,430.8417131479988,0
27.37873185153524,262.5531543072008,7.049013554767589,235.17442245566556,0
24.82044119778667,479.1785643931749,14.774596407159148,454.3581231953882,0
25.59701072153917,234.9099193656428,16.07896187198496,209.3129086441037,1
28.55285506081541,445.2349125473575,9.734410156450249,416.682057486542,0
25.201207858842643,314.186988042974,14.672489060334708,288.9857801841314,0
46.90296273879275,463.39229613352086,10.92696361417255,416.4893333947281,1
22.407012369849262,460.4170070322351,15.698103249239264,438.00999466238585,0
35.73534168710764,441.7776200352863,7.988229123410797,406.0422783481787,0
32.31190480968985,437.0091308921184,18.35322503954261,404.6972260824285,0
49.47135850725819,291.4037417294122,9.311143946983696,241.93238322215404,1
23.36116706504157,224.27578491537565,10.516789816342293,200.91461785033408,1
31.935667971372247,320.89405362954847,5.871379281205247,288.9583856581762,0
49.08411299826106,252.0573544959526,6.672683184819146,202.9732414976916,1
45.96521377681941,408.4853266707385,12.737928540684925,362.5201128939191,1
44.5121621284784,303.8299179613357,9.013890150919572,259.3177558328573,0
27.7370848113482,492.6830602579745,17.532203386132913,464.9459754466263,0
25.12662762170197,392.2916232035996,5.220400829824308,367.1649955818976,0
40.05929659773293,446.7441690903083,10.686410730079045,406.6848724925753,0
47.88127967382758,239.75740182255453,10.06018320153639,191.87612214872692,1
36.70288679041789,458.6043446817868,5.289914463764015,421.90145789136886,0
37.14838068409699,476.8271571540183,6.865525985007653,439.6787764699213,0
28.39937280980853,346.1185756456808,11.20464012377953,317.71920283587224,0
43.084787995758106,381.8758813252932,12.3929687667117,338.7910933295351,0
25.6113124567257,429.44294027089865,11.064346208823036,403.831627814173,0
29.71037709212731,252.45158817812376,12.964065176181409,222.74121108599644,0
32.7630931584925,350.76982293903274,13.926975123585224,318.00672978054024,0
35.22831136053365,319.5989083316939,5.148857316917535,284.37059697116024,0
27.272291972452408,243.91219764867475,11.96142739180256,216.63990567622236,1
23.445104742176103,310.26032668745944,19.452488613313825,286.8152219452833,0
38.31860127324897,220.45169281564807,12.78548420194323,182.1330915423991,1
28.65891659720767,207.7435720848461,15.163134011884296,179.08465548763843,1
37.43714664267837,240.5498867464468,9.677957868753248,203.11274010376843,1
24.63088145822607,488.93453347675216,16.609870672291436,464.3036520185261,0
34.434203055644524,364.8588607685051,16.593822228141725,330.4246577128606,0
35.97768297654758,489.746648345966,12.819440714812083,453.7689653694184,0
21.554706104672807,329.7493634990396,19.6402073491882,308.1946573943668,0
30.098128345817617,293.5448399255779,6.883253221439801,263.4467115797603,0
24.032440308169228,351.84255885207324,5.254214973343715,327.810118543904,0
21.90124911418303,331.85350658987306,16.55237317635644,309.95225747569003,0
49.69880697169836,231.6994052785232,17.107333060473238,182.0005983068248,1
29.67061534924169,392.2478944070618,6.803108436808643,362.57727905782014,0
44.29623337563905,264.81145475287985,8.98374249437909,220.5152213772408,0
27.63921964291292,385.87638646934886,5.263285450499434,358.23716682643595,0
40.44508166671788,395.0603277194461,9.399629161708472,354.61524605272814,0
42.80683579669059,245.60745593859443,16.597128108780073,202.80062014190383,1
37.86916221823533,218.40488813320044,12.769407915688683,180.5357259149651,1
34.14728565650475,434.2284758205319,10.22143389752432,400.08119016402713,0
32.355227424418054,337.94012713079604,10.576089423594954,305.584899706378,0
30.46604799628986,217.44913865164276,5.020304385732023,186.98309065535287,1
47.88587432743478,498.45989515093015,9.497007913478535,450.5740208234954,1
44.918582233631874,217.33416829891,14.696881124568955,172.41558606527812,1
48.95080731999538,408.510568657566,19.61291665724536,359.5597613375706,1
23.72891670456634,495.10367757902407,17.705912404758493,471.3747608744577,0
41.92602425610933,271.75403126477767,5.353924469682937,229.82800700866835,0
48.150213704631135,242.67481060615884,18.478409070122588,194.5245969015277,1
25.436991984969804,236.4154818267287,16.74797619947939,210.9784898417589,1
21.994888021003327,290.98254427027865,16.705641853564707,268.98765624927535,0
42.23361947870177,230.313743303194,11.869936385053572,188.08012382449223,1
37.23419339539736,407.64840250823954,10.970079394317542,370.4142091128422,0
45.25486330274816,218.6875394390188,9.543735932497889,173.43267613627063,1
24.193171298788684,352.8266384449369,5.985422884315486,328.63346714614823,0
43.85801935579671,499.00905615589306,8.423530452405487,455.15103680009634,0
26.04881960143233,444.1910808518056,8.69905452467037,418.1422612503733,0
24.909678285971136,384.5658314693033,12.261156045653024,359.6561531833321,0
24.92797393792979,291.8760862359835,16.21166609895041,266.94811229805373,0
44.43724160694146,387.1687508874916,12.1071474259692,342.7315092805501,0
39.955916620886,358.1124391734955,5.867666741707409,318.1565225526095,0
35.69196274307358,327.8250151671115,19.36684701482306,292.1330524240379,0
30.764914523705077,239.21311302205984,19.140864786411683,208.4481984983548,1
46.31601622439325,465.98126457214,16.777843147226125,419.66524834774674,1
31.773353222679063,334.9353946463968,19.86991852346331,303.16204142371765,0
44.49798318414732,258.3867535462295,13.167234992003944,213.8887703620822,0
33.17404725710655,310.32780526318686,19.44152525379809,277.1537580060803,0
31.308332882747223,324.2389257586781,6.134075609251262,292.93059287593087,0
33.880393570088195,448.2613686700623,10.485211223920569,414.3809750999741,0
29.04133622492426,420.08431416842063,8.380719020101488,391.0429779434964,0
42.428281405287535,430.79146809240194,7.937496262014051,388.3631866871144,0
35.081611702774374,203.30937932859416,7.112044233390141,168.22776762581978,1
26.96638085440452,324.8461994539284,14.33620462348995,297.8798185995239,0
46.987237198237054,344.4032454905971,16.719827836209575,297.41600829236006,1
31.516736641196346,205.757683046917,13.67447599130541,174.24094640572068,1
36.30658583341966,277.9439626235103,7.204440643823145,241.63737679009063,0
47.19416332893641,428.0869469366405,17.166856549002063,380.8927836077041,1
38.72713987741976,241.1329117186997,14.539320607455927,202.40577184127997,1
23.506941221250923,360.5930394357775,10.822485591904933,337.08609821452654,0
48.19496370840425,264.56056160517124,15.111954433040944,216.36559789676696,1
38.83124159214253,203.636232393168,8.898574688642492,164.80499080102544,1
30.047168439712586,272.3604372798624,10.177883127413155,242.31326884014985,0
24.17816217990162,492.7621264730161,18.762287646979853,468.5839642931145,0
43.82075567810888,440.4611335648968,9.357567585071305,396.640377886788,0
38.60218267785541,487.87299329631,12.049824022369048,449.2708106184546,0
36.00383275928965,346.3562131779087,18.35211706094022,310.3523804186191,0
46.816777491528725,232.92085960325105,15.615820254012911,186.10408211172236,1
43.65791633673592,364.3878466921079,5.933048392470541,320.729930355372,0
24.550246391982533,336.31320036798826,7.209545664184555,311.76295397600575,0
29.351662033866447,453.3071248218848,5.117623861578752,423.9554627880184,0
27.45467419443397,229.4247742352734,14.463826853437451,201.9701000408394,1
42.31838877718031,346.47234110653346,11.715101381156275,304.1539523293532,0
21.005973042073386,245.0145994081953,7.014122763534133,224.00862636612192,1
37.0966905461395,297.402778067018,19.36901181585156,260.3060875208785,0
42.87376057222072,421.20712321634,12.9448958591843,378.3333626441192,0
46.30296910285249,342.80543881063,8.628399411693337,296.5024697077775,1
30.262452461477224,312.7664855437308,12.509053567320612,282.5040330822536,0
44.63771914016039,318.3428835710106,15.194304991026616,273.70516443085023,0
23.318952108656216,337.834030521796,6.143588269603467,314.51507841313975,0
45.39356875203555,435.50496315111707,9.12055722571838,390.1113943990815,1
23.824659869959472,467.6254066820703,17.104482363259905,443.8007468121109,0
31.918618716811014,486.60040595117846,11.89497305603992,454.68178723436745,0
43.91886097338661,436.0710158765885,13.198657130484424,392.1521549032019,0
24.49752282046321,294.6220687244038,11.49224003314204,270.1245459039406,0
26.87754185697925,406.44041182596266,5.658499139645077,379.5628699689834,0
41.66757705179199,331.2809372166176,7.486246697302339,289.6133601648256,0
41.60109609638224,276.40118661381536,11.683124581128364,234.80009051743312,0
39.23442898655892,452.2614738277768,8.137781981118916,413.0270448412179,0
40.818453334013,211.5279046886975,5.749685429895181,170.70945135468452,1
36.28173330042789,470.5285976406271,17.654744960777357,434.2468643401992,0
27.553971767208584,338.44323938742025,19.71788793746174,310.8892676202117,0
30.370879805117585,391.1604430424841,16.89714310995109,360.78956323736656,0
25.44793150404277,397.8061766617348,17.806773825570005,372.35824515769207,0
47.25351684000885,468.5353222119609,8.629656954755681,421.2818053719521,1
37.50175384298362,391.00090465016217,19.409404632698,353.4991508071786,0
32.0255425029092,384.18007542801854,7.953885566801426,352.1545329251093,0
33.86017410932398,219.995612168207,19.271447155427484,186.13543805888304,1
48.41850018835446,355.52240658356124,19.922289409489267,307.1039063952068,1
24.600542093482407,245.0507002451125,15.67584208619073,220.4501581516301,1
37.58689496050391,421.2301306164457,19.71715597687733,383.64323565594174,0
35.17666036653398,353.66657624380235,13.543096693506556,318.48991587726834,0
38.34362706303944,404.068333762506,8.893126747641356,365.72470669946654,0
20.543305514625214,212.5018701807153,11.554938284984312,191.95856466609007,1
46.16371726832455,225.43760481374096,13.90341403068179,179.2738875454164,1
47.96354847450837,414.8970164188047,6.0962234304052245,366.9334679442964,1
36.95399550767627,221.625300799602,14.335148969258691,184.67130529192573,1
40.89952471630677,221.3770183295776,19.717667551434417,180.47749361327084,1
47.67498143531887,203.63254257046623,7.851614746755914,155.95756113514736,1
41.21715902940196,486.950419489844,16.88892674432575,445.73326046044207,0
24.57617128742784,421.25250783770207,18.61848190669429,396.67633655027424,0
37.2886508050044,305.9754225506192,19.155523892303314,268.6867717456148,0
38.20145139148568,288.96067438629655,19.402034066081708,250.75922299481087,0
32.72392013907158,304.91096892375487,12.82189458082208,272.18704878468327,0
42.09332706874169,432.3960593543545,19.659618619872557,390.3027322856128,0
48.03101044307044,398.4111833211243,16.359653107016584,350.3801728780539,1
47.767055387203285,255.5586703602404,7.425071543554429,207.7916149730371,1
33.52518114212396,252.2328006002253,12.153501597019549,218.70761945810133,0
23.39714137522266,229.5186949140192,15.77496763058006,206.12155353879652,1
49.54523596887004,398.09081591040143,8.710104737286251,348.5455799415314,1
45.166942593378025,429.3117986665208,14.609227753233313,384.1448560731427,1
23.739880436098005,279.5139284975012,14.999007185699288,255.7740480614032,0
47.625256478521166,206.28348830927385,7.440496157128488,158.6582318307527,1
46.09689086186385,224.6515002429282,13.476279686791344,178.55460938106435,1
35.56514171378216,490.3580104535092,16.574403664679117,454.792868739727,0
37.73826307234788,288.6334332432261,12.483434968039129,250.8951701708782,0
31.970081116103906,430.7669443514401,5.181546751641611,398.79686323533616,0
21.64284916466094,387.3990706562792,5.135577036189383,365.7562214916182,0
30.05591724937703,314.58189189586875,10.355440159550184,284.5259746464917,0
44.08560345794034,261.70617865866654,18.89291102647673,217.6205752007262,0
20.138960690138084,236.41592544782196,8.430151694054132,216.27696475768383,1
30.004975150734325,384.50389041166,14.515455333075309,354.4989152609257,0
31.9450608077283,432.3901341913364,8.331138060399809,400.4450733836081,0
36.12186808813769,393.1712760623392,9.825049844893227,357.0494079742015,0
47.59566849238281,359.0906399747475,17.72063134402226,311.4949714823647,1
30.39037983097884,212.58536702949087,15.932921634049205,182.194987198512,1
30.40859605688683,490.5466332783152,6.430989159698159,460.1380372214283,0
42.125037443292456,439.6142574963724,11.430530314796504,397.4892200530799,0
33.56653822669421,287.8466110102894,5.437546454678967,254.2800727835952,0
26.73814468819946,493.9910988076552,12.213352199045136,467.25295411945575,0
33.5731854839808,380.56447689089663,14.93651017551602,346.9912914069158,0
24.225710611394,374.726797462174,6.777539353972273,350.50108685078,0
25.2916095951867,424.4219538288596,9.333274083637484,399.1303442336729,0
34.95103318218439,443.5309364270413,10.967549382532354,408.5799032448569,0
32.56776348513644,396.9435821994508,18.792965369840747,364.3758187143144,0
47.445377032043,238.42872390986005,19.89882523134446,190.98334687781704,1
30.871816973498994,301.4802517983495,5.673669484934238,270.6084348248505,0
37.4176505083413,478.4250920978149,16.41511885243088,441.0074415894736,0
38.96792863758591,267.3846835531556,10.575860996035148,228.41675491556967,0
20.39283369765001,311.650107151254,10.8868727934422,291.257273453604,0
39.906121160501314,329.6230648832588,16.31397460020534,289.7169437227575,0
25.341079006092546,331.8214969083357,18.776396482181127,306.4804179022432,0
48.832109524083656,383.8818747483576,19.263928917538227,335.049765224274,1
24.45988183259339,482.9227513234123,13.656838790574811,458.4628694908189,0
32.43872371181071,272.2078135497515,10.356817389507542,239.7690898379408,0
22.56049004235932,236.4504128902754,16.813236287881686,213.8899228479161,1
49.90622755537842,259.2411469579812,8.765020748934504,209.3349194026028,1
35.065850309937275,466.0774700627808,13.461110432502766,431.0116197528436,0
37.86155051960131,393.7432437965618,10.378676922873098,355.8816932769605,0
22.012294321652824,285.77203677174805,14.84946610561814,263.75974245009525,0
42.498814111975335,444.78408169058514,8.605983693402603,402.2852675786098,0
26.29716779286757,458.4109989090308,7.873894186022387,432.1138311161632,0
46.94162868322141,453.9543016070834,18.773586300131555,407.01267292386194,1
26.154189214460217,475.6779600918664,6.527055244243053,449.52377087740615,0
25.72063161991,275.6723060520085,12.589368616023975,249.95167443209849,0
21.096490035442848,426.5125786238835,8.312791744445134,405.41608858844063,0
34.16200835329998,338.161849182242,5.583949449885012,303.999840828942,0
36.94523399787849,452.5995658670184,5.540282274371396,415.6543318691399,0
21.97125918285057,418.547203148484,7.628326581587411,396.57594396563337,0
43.26582850085032,432.93423394991737,18.001555317590004,389.6684054490671,0
33.59866504244083,396.8485513043215,9.2371811596554,363.2498862618807,0
35.7317080798274,253.22863084091205,19.25688755862944,217.49692276108465,0
33.222882408146845,363.5080756690815,13.724334394837904,330.28519326093465,0
32.02289182625978,495.4009218573525,11.549212846531493,463.37803003109263,0
36.78920993924653,481.2164199491357,13.701332520041818,444.4272100098892,0
24.65720737792137,212.9521207391035,12.750475778394016,188.29491336118213,1
25.45784391485813,249.44444471883116,16.381643806359875,223.986600803973,1
45.85356863040552,239.51863203636856,9.237440989592784,193.66506340596305,1
48.38346386400898,417.7939729955887,10.295755874004536,369.41050913157966,1
31.199279488392587,445.3355989570836,18.41141453799876,414.136319468691,0
28.122340194306613,264.05340989320155,19.19684769725608,235.93106969889493,0
39.31998629717047,351.75580788554873,18.38837341229712,312.43582158837825,0
32.262025132942895,452.21090840336,11.291719909359704,419.9488832704171,0
20.761590669810342,419.8404634298752,16.705482545103223,399.0788727600648,0
24.68457792098571,362.6711616475545,12.145035999516482,337.9865837265688,0
41.47916686542193,377.1043071376319,12.463097782191532,335.62514027220993,0
39.76771825730454,352.508164074884,8.07020163585926,312.7404458175795,0
20.812879775104506,289.2645353956462,13.866954548877748,268.4516556205417,0
26.659164857988483,369.5065978577048,7.79203846630022,342.8474329997164,0
26.93224389764214,406.6655906150272,9.973470486007908,379.7333467173851,0
40.15678230796185,461.9968747582423,17.825453024299026,421.8400924502805,0
20.59131613263093,390.8874061937744,8.106137138162829,370.29609006114345,0
23.12325745953721,428.3364611129474,6.067374277601492,405.2132036534102,0
43.99748256119568,248.0214904863719,6.035113889192244,204.02400792517625,1
25.35633986163001,338.467242325937,19.11176780754662,313.11090246430695,0
39.58238323555624,202.799485948128,12.60380656942752,163.21710271257177,1
27.1454834314018,274.0036593564869,11.141181077255276,246.85817592508508,0
22.983241782780357,417.9385145339014,17.163178715118775,394.9552727511211,0
27.295165729983623,497.542985404809,17.53738891865774,470.2478196748254,0
41.66800795566978,229.7534298761648,9.98286549673407,188.08542192049495,1
45.67089404318857,320.4482947583865,15.404270862106928,274.7774007151979,1
44.90659593700975,440.02129060974784,16.5668422377783,395.1146946727381,0
31.915505888553646,261.21069038866966,14.819760302989318,229.295184500116,0
40.042554097119385,366.5254847906859,7.273926122001491,326.4829306935665,0
26.14952886247463,419.9213888089024,18.138246252755856,393.77185994642775,0
28.7944319078304,384.7956350780537,13.08641829104013,356.0012031702233,0
46.89007455563359,256.40742038462486,9.237086395550056,209.51734582899127,1
20.39005770532208,306.6153706057218,11.378422781565408,286.22531290039973,0
22.56525592563404,435.1375353456192,5.56356635598361,412.57227941998514,0
26.23658765438082,366.267954239605,6.918002018336264,340.0313665852242,0
20.79596611621459,201.56888406287385,16.48320125773791,180.7729179466592,1
25.44306305269392,428.2972280084282,5.000174521330492,402.8541649557343,0
37.49124682909077,210.5934064820717,11.248487427234384,173.10215965298096,1
32.642736517774935,423.7201348193696,12.837652716283827,391.07739830159466,0
46.780151332309245,260.7441680495712,5.819516300014584,213.964016717262,1
44.523306852153226,487.42204403581405,19.596172444584997,442.8987371836608,0
30.25452055093628,310.3822253906253,8.39187996874508,280.12770483968905,0
27.78270300293877,298.0794849014237,9.562980794544211,270.29678189848494,0
31.39077224501801,244.6664150997334,9.55913768382541,213.2756428547154,1
37.70884827544423,291.6812646470645,8.456249931760249,253.97241637162023,0
28.04190922468629,462.99522854846015,5.022107331294671,434.9533193237739,0
38.72446723547402,498.9003012881742,15.940171911319943,460.17583405270017,0
32.28234956573721,310.4928591520545,19.50268249698928,278.2105095863173,0
36.5614154255594,334.5831892863628,8.364402249275676,298.02177386080336,0
33.083795874059504,416.62128146082114,14.945707877051335,383.5374855867617,0
28.83397278625753,465.8587341395224,16.12844490438073,437.02476135326486,0
48.4535992088647,377.91330025603526,17.72638068635787,329.45970104717054,1
42.908173824792826,317.4577094533488,11.339437955204136,274.549535628556,0
24.20339527299357,323.78655225458715,9.543963584606438,299.5831569815936,0
46.05403927693739,408.68544394904205,9.879427010345466,362.6314046721047,1
34.62293594748541,200.9654790812836,15.689319996477693,166.3425431337982,1
46.836566806822745,385.8768012379522,17.25169199758454,339.0402344311295,1
43.995657678419455,306.64790313240724,7.72420951634904,262.6522454539878,0
32.756405134077,438.2591993831253,10.564115122366475,405.5027942490483,0
20.674079249603523,227.89719194693964,18.52910295123725,207.2231126973361,1
28.060320781548384,376.4606800845172,17.10040279542109,348.40035930296875,0
36.24902643982601,344.2918669658372,19.772876041437137,308.0428405260111,0
39.00434659478442,392.6976577715682,16.313723895231213,353.6933111767838,0
27.73663056299607,219.4560783448905,10.897928015418834,191.7194477818944,1
24.180682222184725,373.9951362284394,13.859567509919566,349.81445400625466,0
45.04790710397897,368.4453763878571,14.915213813709803,323.39746928387814,1
49.532065421106566,368.1980283248513,6.176837244756859,318.66596290374474,1
35.770705469080575,381.0462999789364,13.167454386557976,345.27559450985586,0
25.150378575449103,402.94038116790864,15.639812427089144,377.79000259245953,0
28.169219795581068,441.4966999042309,7.509819560015906,413.32748010864987,0
20.551720296424,280.9462160384643,16.70947576138336,260.3944957420403,0
47.428964196814974,447.5148230540186,13.756591707711674,400.0858588572037,1
23.532532486704238,349.47670467903606,19.28332678546392,325.94417219233185,0
37.29549426542761,223.11748374029932,5.636334473103376,185.8219894748717,1
28.22165662061618,217.56527877319377,8.979892063332004,189.3436221525776,1
36.6253400754738,300.2714956088182,14.02330818949736,263.6461555333444,0
39.542611650555926,435.46909313344025,9.44839868308896,395.9264814828844,0
44.89225411121605,412.3042804222747,15.716362461068632,367.4120263110586,0
26.1926381528181,436.584489401722,16.385079237828965,410.39185124890383,0
20.329874859754412,355.1807169324828,6.537739460997116,334.8508420727284,0
24.106568902064215,332.05969938664714,12.707816963101516,307.9531304845829,0
47.00055925544315,244.2357580118852,12.63335833386584,197.2351987564421,1
46.216702326875456,298.4578260827935,10.539211553233116,252.241123755918,1
37.92239306510925,330.2058098521626,18.99387293854508,292.28341678705334,0
38.0155058130096,226.5801289038852,17.41259479809832,188.5646230908756,1
39.95110023638766,266.1835858133634,15.458140728644551,226.2324855769757,0
25.261138358703487,379.4675882191216,15.714899536024964,354.20644986041816,0
47.4323583777488,420.6989342717569,11.925742157196789,373.2665758940081,1
32.56311574676219,499.5042534178849,18.81491781644864,466.9411376711227,0
31.49415584748493,479.9339994030673,15.41893140879928,448.4398435555824,0
35.567531158485124,392.7695598605575,15.934715924837247,357.2020287020724,0
21.40897900325165,326.3744159882216,17.92536355681018,304.9654369849699,0
24.98850106268238,390.8532094124698,9.111073840132864,365.86470834978746,0
42.14100849279112,435.6954854240696,17.106063558000542,393.5544769312785,0
22.483960037753796,235.5008572770162,7.928609044347381,213.0168972392624,1
38.09456328399165,322.97146690888644,10.180129283673317,284.8769036248948,0
27.36047329043963,451.9406856906852,10.03415681404764,424.5802124002456,0
31.678868421259292,315.1498855799132,19.677882025837107,283.4710171586539,0
28.660812103121,371.561681368156,17.848058356218903,342.900869265035,0
30.67018149394848,376.3308082586594,15.517547923853895,345.66062676471097,0
41.571377155527365,255.3428759400918,15.905851424230852,213.77149878456444,0
28.91365146869525,308.6706324956865,13.431091916038566,279.75698102699124,0
36.99213920890692,300.35338662257965,19.206360006627783,263.36124741367274,0
34.28151206597299,207.85901255961943,12.443881293235425,173.57750049364645,1
39.91013496087945,207.25752916740657,10.70776564804842,167.34739420652713,1
48.10489217974274,449.509113102732,7.445530053973865,401.4042209229893,1
41.97716291630751,281.9212429918437,16.79308478391587,239.9440800755362,0
26.448211357722705,355.4236298716446,16.016658981133872,328.9754185139219,0
20.93549405183854,289.61767207663195,10.765325577862022,268.6821780247934,0
27.867921328994758,482.2037735346021,5.37790120938844,454.33585220560735,0
37.852337921007646,277.78902765973214,17.584959915770163,239.9366897387245,0
21.54277440452751,328.89704382168054,5.171269751811105,307.35426941715303,0
34.89098741603709,461.81907514538057,15.555496694435764,426.9280877293435,0
37.90528546750667,452.58007003754255,19.553856645890853,414.6747845700359,0
30.027316724508825,255.8304253538832,11.564919922223051,225.80310862937435,0
43.12736611237466,440.7929929387132,8.52460107493929,397.6656268263385,0
23.197947594013154,337.4560660213678,15.573065150650724,314.25811842735465,0
22.254133452074264,344.8906616256065,17.256922130233775,322.63652817353227,0
41.8456626861081,240.04399172478315,13.19645474116771,198.198329038675,1
34.864739486185954,224.1804541271374,19.50552912884219,189.31571464095143,1
40.65207189283208,418.3817920921296,5.775030824869416,377.7297201992975,0
33.04482015811239,348.9383457065899,12.571933974567925,315.8935255484776,0
27.392060997173203,331.0552107845539,15.776809209838252,303.6631497873807,0
44.57306953022599,418.852468595719,17.939607067237684,374.279399065493,0
43.982476369069374,429.65386969733294,7.688834178616851,385.6713933282636,0
40.8408941256328,247.67245030080608,17.00005222645522,206.8315561751733,1
28.16435411689888,383.0675448432924,13.290606135778178,354.90319072639346,0
37.706920006072615,240.60622468330564,10.94830522984945,202.89930467723303,1
30.82921690820081,425.41252580871367,6.975725428686403,394.58330890051286,0
22.747462199799024,397.0865468801419,17.979436383633686,374.33908468034286,0
47.51940726386728,486.9843863250374,7.35909812269573,439.4649790611701,1
24.10455892756884,220.6874049069264,9.64681788813649,196.58284597935756,1
48.50712061462407,217.1164163453763,9.350682979436552,168.60929573075225,1
33.380173188738674,284.65612240796,18.07121051286281,251.27594921922136,0
